{
  "gnn": {
    "defense": {
      "baseline": {
        "cosine": {
          "mean": 0.3843021273612976,
          "std": 0.31622312560073246,
          "min": 0.06179075688123703,
          "max": 0.8307470083236694,
          "n": 5
        },
        "mse": {
          "mean": 0.33935703430324793,
          "std": 0.40801447932370194,
          "min": 0.012016755528748035,
          "max": 0.8369874358177185,
          "n": 5
        },
        "fidelity": {
          "mean": 1.0000008583068847,
          "std": 5.741879739185475e-07,
          "min": 1.000000238418579,
          "max": 1.0000014305114746,
          "n": 5
        },
        "scale_err": null,
        "n": 5
      },
      "fedlog": {
        "cosine": {
          "mean": 0.3850698061287403,
          "std": 0.4472855141084264,
          "min": -0.02937866374850273,
          "max": 0.9595443606376648,
          "n": 5
        },
        "mse": {
          "mean": 0.3502780674491078,
          "std": 0.3368859267400004,
          "min": 0.0034639493096619844,
          "max": 0.735622227191925,
          "n": 5
        },
        "fidelity": {
          "mean": 0.9999998569488525,
          "std": 3.4395547023423933e-07,
          "min": 0.9999994039535522,
          "max": 1.0000003576278687,
          "n": 5
        },
        "scale_err": null,
        "n": 5
      },
      "adaptive": {
        "cosine": {
          "mean": 0.851912796497345,
          "std": 0.17365706056575372,
          "min": 0.5591275095939636,
          "max": 0.9914485812187195,
          "n": 5
        },
        "mse": {
          "mean": 0.08618179436307401,
          "std": 0.15290709849764206,
          "min": 0.0012247067643329501,
          "max": 0.35753127932548523,
          "n": 5
        },
        "fidelity": {
          "mean": 0.9999998569488525,
          "std": 3.4395547023423933e-07,
          "min": 0.9999994039535522,
          "max": 1.0000003576278687,
          "n": 5
        },
        "scale_err": {
          "mean": 0.6725622511459738,
          "std": 0.7999053290109547,
          "min": 0.015370961884717427,
          "max": 1.8137167904474496,
          "n": 5
        },
        "n": 5
      },
      "dp": {
        "cosine": {
          "mean": 0.0024985184893012045,
          "std": 0.012906473767814727,
          "min": -0.009615505114197731,
          "max": 0.016739007085561752,
          "n": 5
        },
        "mse": {
          "mean": 0.5296856045722962,
          "std": 0.1739252374029044,
          "min": 0.38145318627357483,
          "max": 0.7499701380729675,
          "n": 5
        },
        "fidelity": {
          "mean": 0.0014414426754228772,
          "std": 0.002447522954096928,
          "min": -0.002356183249503374,
          "max": 0.0034934431314468384,
          "n": 5
        },
        "scale_err": {
          "mean": 1.0791866339262748,
          "std": 1.0729349476259482,
          "min": 0.07604092269812424,
          "max": 2.281094683089937,
          "n": 5
        },
        "n": 5
      },
      "sparse": {
        "cosine": {
          "mean": 0.4976332664489746,
          "std": 0.3202023331657717,
          "min": 0.1395796835422516,
          "max": 0.841894268989563,
          "n": 5
        },
        "mse": {
          "mean": 0.5727847255766392,
          "std": 1.0015049854460838,
          "min": 0.04967830702662468,
          "max": 2.3604092597961426,
          "n": 5
        },
        "fidelity": {
          "mean": 0.7015269041061402,
          "std": 0.031098783863251746,
          "min": 0.6636765003204346,
          "max": 0.7330304980278015,
          "n": 5
        },
        "scale_err": {
          "mean": 0.928419444615975,
          "std": 1.0495725919665326,
          "min": 0.14183133528635927,
          "max": 2.7729329083063363,
          "n": 5
        },
        "n": 5
      }
    },
    "trend": {
      "0": {
        "cosine": {
          "mean": 0.3843021273612976,
          "std": 0.31622312560073246,
          "min": 0.06179075688123703,
          "max": 0.8307470083236694,
          "n": 5
        },
        "accuracy": {
          "mean": 0.11979543715715409,
          "std": 0.044104997236383094,
          "min": 0.06616381059090297,
          "max": 0.17504658798376718,
          "n": 5
        },
        "n": 5
      },
      "5": {
        "cosine": {
          "mean": 0.3845998913049698,
          "std": 0.3522731119058653,
          "min": 0.14301159977912903,
          "max": 0.98637855052948,
          "n": 5
        },
        "accuracy": {
          "mean": 0.1593729515870412,
          "std": 0.040664550273676596,
          "min": 0.10128011057774226,
          "max": 0.1950924495855967,
          "n": 5
        },
        "n": 5
      },
      "20": {
        "cosine": {
          "mean": 0.41962606757879256,
          "std": 0.36019906497377907,
          "min": 0.07468188554048538,
          "max": 0.9982937574386597,
          "n": 5
        },
        "accuracy": {
          "mean": 0.20450049142042798,
          "std": 0.040052922383995056,
          "min": 0.17264783382415771,
          "max": 0.26350770394007367,
          "n": 5
        },
        "n": 5
      }
    },
    "paired": {
      "scaling_effect": {
        "mean": 0.0007676787674427033,
        "std": 0.46482811801889323,
        "min": -0.449278574436903,
        "max": 0.6673150882124901,
        "n": 5,
        "from": "baseline",
        "to": "fedlog",
        "deltas": [
          -0.437666192650795,
          0.09467072039842606,
          -0.449278574436903,
          0.12879735231399536,
          0.6673150882124901
        ]
      },
      "adaptive_break": {
        "mean": 0.46684299036860466,
        "std": 0.4142672636023017,
        "min": 0.012627005577087402,
        "max": 0.9124039523303509,
        "n": 5,
        "from": "fedlog",
        "to": "adaptive",
        "deltas": [
          0.48894794285297394,
          0.8349871039390564,
          0.9124039523303509,
          0.012627005577087402,
          0.08524894714355469
        ]
      },
      "dp_defense": {
        "mean": -0.8494142780080438,
        "std": 0.16824887730977187,
        "min": -0.9817868713289499,
        "max": -0.5675460137426853,
        "n": 5,
        "from": "adaptive",
        "to": "dp",
        "deltas": [
          -0.5675460137426853,
          -0.9756399411708117,
          -0.8662862814962864,
          -0.9817868713289499,
          -0.8558122823014855
        ]
      },
      "sparse_defense": {
        "mean": -0.3542795300483704,
        "std": 0.22348384694874215,
        "min": -0.7101797759532928,
        "max": -0.1495543122291565,
        "n": 5,
        "from": "adaptive",
        "to": "sparse",
        "deltas": [
          -0.41954782605171204,
          -0.1495543122291565,
          -0.7101797759532928,
          -0.28800374269485474,
          -0.2041119933128357
        ]
      }
    }
  },
  "image": {
    "none": {
      "mse": {
        "mean": 0.018501921836286784,
        "std": 0.012072476783457747,
        "min": 0.006971593480557203,
        "max": 0.038909733295440674,
        "n": 5
      },
      "label_acc": {
        "mean": 1.0,
        "std": 0.0,
        "min": 1.0,
        "max": 1.0,
        "n": 5
      },
      "fidelity": {
        "mean": 0.9999999999998916,
        "std": 9.889068153057181e-14,
        "min": 0.9999999999997564,
        "max": 1.0,
        "n": 5
      },
      "n": 5
    },
    "sparse_0.2": {
      "mse": {
        "mean": 0.01874323943629861,
        "std": 0.01176289257158198,
        "min": 0.006989167537540197,
        "max": 0.03853721544146538,
        "n": 5
      },
      "label_acc": {
        "mean": 1.0,
        "std": 0.0,
        "min": 1.0,
        "max": 1.0,
        "n": 5
      },
      "fidelity": {
        "mean": 0.9999316340057327,
        "std": 5.691933645530867e-06,
        "min": 0.9999258301118349,